id,ip,no,email,name,size,mobile,address,status,datetime
14,178.32.219.156,0,<blank>,<blank>,<blank>,<blank>,<blank>,0,2013-03-08 21:01:41
11,173.206.1.178,0,<blank>,<blank>,<blank>,<blank>,<blank>,0,2011-11-28 01:05:37
12,82.137.12.243,0,<blank>,<blank>,<blank>,<blank>,<blank>,0,2011-12-11 10:19:43
13,178.32.219.156,0,yljzyl@mqxsba.com,pmtdnrhx,1,FCaXZRhdjCimu,"fXb2Wp  <a href=""http://tysqyklctehw.com/"">tysqyklctehw</a>, [url=http://hkdinqdxmcxt.com/]hkdinqdxmcxt[/url], [link=http://bvfkfuhqwuyn.com/]bvfkfuhqwuyn[/link], http://fbsegusvhicf.com/",0,2013-03-08 21:01:32
8,89.122.29.82,0,<blank>,<blank>,<blank>,<blank>,<blank>,0,2011-11-09 12:44:09
9,216.245.202.2,0,<blank>,<blank>,<blank>,<blank>,<blank>,0,2011-11-19 18:26:33
10,89.122.29.82,0,<blank>,<blank>,<blank>,<blank>,<blank>,0,2011-11-21 10:57:28
15,178.32.219.156,0,vfaqaq@lzupve.com,oqfihnisvnz,1,NbrtUEfDEqel,"DXFIXm  <a href=""http://kywxgsarbtml.com/"">kywxgsarbtml</a>, [url=http://uwhdzrecctjf.com/]uwhdzrecctjf[/url], [link=http://zchgzexsmjhz.com/]zchgzexsmjhz[/link], http://iglbplcrjjbc.com/",0,2013-04-23 23:24:12
16,178.32.219.156,0,<blank>,<blank>,<blank>,<blank>,<blank>,0,2013-04-23 23:24:15

