id,post_id,target_post_id,url,type
1165,303,79,http://terrariumdiy.com/w88-คาสิโนออนไลน์รีวิว-และ-2/,internal
1299,315,102,http://terrariumdiy.com/รีวิว-happyluke-คาสิโน-แจกเงินฟร/,internal
1298,315,102,http://terrariumdiy.com/รีวิว-happyluke-คาสิโน-แจกเงินฟร/,internal
698,53,0,http://huc369.com,external
697,53,0,https://lin.ee/Ah63IGp,external
696,53,0,http://huc369.com,external
938,71,0,http://huc369.com,external
1374,73,0,http://huc369.com,external
1375,73,73,http://terrariumdiy.com/รีวิว-nowbet-คาสิโนออนไลน์-สมั/,internal
2332,557,79,http://terrariumdiy.com/w88-คาสิโนออนไลน์รีวิว-และ-2/,internal
2320,8,0,http://terrariumdiy.com/author/slotpk99/,internal
2168,497,91,http://terrariumdiy.com/live-casino-house-ฟรี-300-บาท-สมัครผ่านเรา-ร/,internal
2324,555,460,http://terrariumdiy.com/dafabet-เครดิตฟรี-300-บาท-เล่นคาสิ/,internal
2325,555,460,http://terrariumdiy.com/dafabet-เครดิตฟรี-300-บาท-เล่นคาสิ/,internal
2326,555,460,http://terrariumdiy.com/dafabet-เครดิตฟรี-300-บาท-เล่นคาสิ/,internal
2317,8,497,http://terrariumdiy.com/คาสิโนออนไลน์-แบล็คแจ็ค/,internal
2315,8,0,http://terrariumdiy.com/author/slotpk99/,internal
2316,8,497,http://terrariumdiy.com/คาสิโนออนไลน์-แบล็คแจ็ค/,internal
2313,8,0,http://terrariumdiy.com/author/slotpk99/,internal
2314,8,499,http://terrariumdiy.com/คาสิโนออนไลน์-การเล่นบา/,internal
2239,507,0,https://lin.ee/3Io963Fv5,external
2280,531,0,https://lin.ee/7UZUxLi,external
2283,543,0,https://lin.ee/1huTCSkaY,external
2240,476,0,https://th-1xbet.com/th/?tag=d_517661m_1260c_,external
1980,86,86,http://terrariumdiy.com/entaplay-คาสิโนออนไลน์-สมัครสมา/,internal
2318,8,0,http://terrariumdiy.com/author/slotpk99/,internal
2319,8,492,http://terrariumdiy.com/แบล็คแจ็คออนไลน์-คาสิโน/,internal
2311,8,0,http://terrariumdiy.com/author/slotpk99/,internal
2312,8,501,http://terrariumdiy.com/สล็อตออนไลน์-คาสิโนออน-2/,internal
2298,8,0,http://terrariumdiy.com/author/slotpk99/,internal
1987,91,0,http://huc369.com,external
1988,91,75,http://terrariumdiy.com/huc99-สุดยอดเว็บคาสิโนออนไล/,internal
1989,91,0,http://terrariumdiy.com/live-casino-hous…ท-สมัครผ่านเรา-ร/,internal
1650,378,168,http://terrariumdiy.com/dewabet-สมัครสมาชิกใหม่-รับฟรี/,internal
2310,8,503,http://terrariumdiy.com/แทงบอลออนไลน์-การแทงสอง/,internal
2309,8,503,http://terrariumdiy.com/แทงบอลออนไลน์-การแทงสอง/,internal
2308,8,0,http://terrariumdiy.com/author/slotpk99/,internal
2307,8,507,http://terrariumdiy.com/รีวิวคาสิโนm88-ข้อดีข้อเส/,internal
2306,8,0,http://terrariumdiy.com/author/slotpk99/,internal
2305,8,521,http://terrariumdiy.com/เคล็ดลับในการชนะบาคาร่-2/,internal
2304,8,0,http://terrariumdiy.com/author/slotpk99/,internal
409,102,0,http://huc369.com,external
408,102,0,http://huc369.com,external
407,102,0,http://huc369.com,external
406,102,0,http://huc369.com,external
405,102,0,http://huc369.com,external
1958,104,0,http://ceza.gov.ph/,external
1961,104,104,http://terrariumdiy.com/empire777-คาสิโนออนไลน์ชื่อดัง-ส/,internal
1960,104,0,http://huc369.com,external
1959,104,0,http://huc369.com,external
1966,75,0,http://huc369.com,external
2302,8,0,http://terrariumdiy.com/author/slotpk99/,internal
2303,8,523,http://terrariumdiy.com/กลุ่ม-บา-คา-ร่า-dafabet-คาสิโนออ/,internal
2300,8,0,http://terrariumdiy.com/author/slotpk99/,internal
2301,8,527,http://terrariumdiy.com/เคลีก-2020-ตารางแข่งขันฟุตบ/,internal
2299,8,529,http://terrariumdiy.com/ข่าวสารคาสิโนออนไลน์-พน/,internal
537,117,0,http://huc369.com,external
538,117,0,<blank>,internal
539,117,75,http://terrariumdiy.com/huc99-สุดยอดเว็บคาสิโนออนไล/,internal
517,121,0,http://huc369.com,external
535,128,91,http://terrariumdiy.com/live-casino-house-ฟรี-300-บาท-สมัครผ่านเรา-ร/,internal
516,121,0,http://huc369.com,external
546,119,0,<blank>,internal
547,119,86,http://terrariumdiy.com/entaplay-คาสิโนออนไลน์-สมัครสมา/,internal
548,119,91,http://terrariumdiy.com/live-casino-house-ฟรี-300-บาท-สมัครผ่านเรา-ร/,internal
515,121,0,http://huc369.com,external
543,119,73,http://terrariumdiy.com/รีวิว-nowbet-คาสิโนออนไลน์-สมั/,internal
544,119,0,<blank>,internal
545,119,79,http://terrariumdiy.com/w88-คาสิโนออนไลน์รีวิว-และ-2/,internal
542,119,0,<blank>,internal
540,119,0,<blank>,internal
541,119,75,http://terrariumdiy.com/huc99-สุดยอดเว็บคาสิโนออนไล/,internal
514,121,0,http://huc369.com,external
534,128,86,http://terrariumdiy.com/entaplay-คาสิโนออนไลน์-สมัครสมา/,internal
533,128,0,<blank>,internal
530,128,73,http://terrariumdiy.com/รีวิว-nowbet-คาสิโนออนไลน์-สมั/,internal
531,128,0,<blank>,internal
532,128,79,http://terrariumdiy.com/w88-คาสิโนออนไลน์รีวิว-และ-2/,internal
527,128,0,<blank>,internal
528,128,75,http://terrariumdiy.com/huc99-สุดยอดเว็บคาสิโนออนไล/,internal
529,128,0,<blank>,internal
536,128,0,http://huc369.com,external
549,119,0,http://huc369.com,external
550,119,0,http://huc369.com,external
618,138,75,http://terrariumdiy.com/huc99-สุดยอดเว็บคาสิโนออนไล/,internal
1593,135,91,http://terrariumdiy.com/live-casino-house-ฟรี-300-บาท-สมัครผ่านเรา-ร/,internal
617,138,75,http://terrariumdiy.com/huc99-สุดยอดเว็บคาสิโนออนไล/,internal
1594,135,0,http://huc369.com,external
1595,135,0,http://huc369.com,external
1588,135,79,http://terrariumdiy.com/w88-คาสิโนออนไลน์รีวิว-และ-2/,internal
1590,135,162,http://terrariumdiy.com/fun88-เว็บพนันโปรดี-ที่สุด-เค/,internal
1591,135,0,<blank>,internal
1592,135,86,http://terrariumdiy.com/entaplay-คาสิโนออนไลน์-สมัครสมา/,internal
1589,135,0,<blank>,internal
1586,135,75,http://terrariumdiy.com/huc99-สุดยอดเว็บคาสิโนออนไล/,internal
1587,135,0,<blank>,internal
1585,135,0,<blank>,internal
640,140,119,http://terrariumdiy.com/โบนัสคาสิโนออนไลน์/,internal
637,140,8,http://terrariumdiy.com/,internal
638,140,0,http://facebook.com/,external
639,140,0,http://terrariumdiy.com/โบนัสที่ไม่ต้องฝากเงิน/,internal
641,140,0,http://huc369.com,external
650,152,104,http://terrariumdiy.com/empire777-คาสิโนออนไลน์ชื่อดัง-ส/,internal
649,152,104,http://terrariumdiy.com/empire777-คาสิโนออนไลน์ชื่อดัง-ส/,internal
648,152,104,http://terrariumdiy.com/empire777-คาสิโนออนไลน์ชื่อดัง-ส/,internal
2116,162,0,http://fun88.terrariumdiy.com/,external
2117,162,0,http://fun88.terrariumdiy.com/,external
680,165,75,http://terrariumdiy.com/huc99-สุดยอดเว็บคาสิโนออนไล/,internal
679,165,75,http://terrariumdiy.com/huc99-สุดยอดเว็บคาสิโนออนไล/,internal
678,165,75,http://terrariumdiy.com/huc99-สุดยอดเว็บคาสิโนออนไล/,internal
668,168,75,http://terrariumdiy.com/huc99-สุดยอดเว็บคาสิโนออนไล/,internal
667,168,75,http://terrariumdiy.com/huc99-สุดยอดเว็บคาสิโนออนไล/,internal
666,168,75,http://terrariumdiy.com/huc99-สุดยอดเว็บคาสิโนออนไล/,internal
677,171,75,http://terrariumdiy.com/huc99-สุดยอดเว็บคาสิโนออนไล/,internal
676,171,75,http://terrariumdiy.com/huc99-สุดยอดเว็บคาสิโนออนไล/,internal
675,171,75,http://terrariumdiy.com/huc99-สุดยอดเว็บคาสิโนออนไล/,internal
682,174,73,http://terrariumdiy.com/รีวิว-nowbet-คาสิโนออนไลน์-สมั/,internal
691,176,79,http://terrariumdiy.com/w88-คาสิโนออนไลน์รีวิว-และ-2/,internal
690,176,0,https://www.jqk81.com/w88/,external
689,176,79,http://terrariumdiy.com/w88-คาสิโนออนไลน์รีวิว-และ-2/,internal
1965,75,0,http://huc369.com,external
699,53,0,https://lin.ee/Ah63IGp,external
1982,86,75,http://terrariumdiy.com/huc99-สุดยอดเว็บคาสิโนออนไล/,internal
1990,91,0,http://terrariumdiy.com/live-casino-hous…ท-สมัครผ่านเรา-ร/,internal
721,185,0,https://lin.ee/Ah63IGp,external
720,185,0,https://lin.ee/Ah63IGp,external
722,190,0,https://lin.ee/Ah63IGp,external
723,190,0,https://lin.ee/Ah63IGp,external
729,195,79,http://terrariumdiy.com/w88-คาสิโนออนไลน์รีวิว-และ-2/,internal
728,195,79,http://terrariumdiy.com/w88-คาสิโนออนไลน์รีวิว-และ-2/,internal
727,195,79,http://terrariumdiy.com/w88-คาสิโนออนไลน์รีวิว-และ-2/,internal
733,197,86,http://terrariumdiy.com/entaplay-คาสิโนออนไลน์-สมัครสมา/,internal
732,197,86,http://terrariumdiy.com/entaplay-คาสิโนออนไลน์-สมัครสมา/,internal
734,199,171,http://terrariumdiy.com/dafabet/,internal
735,199,171,http://terrariumdiy.com/dafabet/,internal
737,203,165,http://terrariumdiy.com/sbobet/,internal
751,207,171,http://terrariumdiy.com/dafabet/,internal
750,207,171,http://terrariumdiy.com/dafabet/,internal
2293,8,543,http://terrariumdiy.com/happyluke-ทางเข้าคาสิโนล่าสุด-สม/,internal
1297,315,102,http://terrariumdiy.com/รีวิว-happyluke-คาสิโน-แจกเงินฟร/,internal
2295,8,0,http://terrariumdiy.com/author/slotpk99/,internal
2296,8,531,http://terrariumdiy.com/โบนัสต้อนรับ-250-live-casino-house/,internal
1602,367,86,http://terrariumdiy.com/entaplay-คาสิโนออนไลน์-สมัครสมา/,internal
2118,79,0,http://w88.terrariumdiy.com/,external
853,213,121,http://terrariumdiy.com/โบนัสเติมเงิน-reload-bonus/,internal
854,213,121,http://terrariumdiy.com/โบนัสเติมเงิน-reload-bonus/,internal
855,215,168,http://terrariumdiy.com/dewabet-สมัครสมาชิกใหม่-รับฟรี/,internal
856,215,168,http://terrariumdiy.com/dewabet-สมัครสมาชิกใหม่-รับฟรี/,internal
861,218,0,https://lin.ee/Ah63IGp,external
860,218,0,http://huc369.com,external
863,220,165,http://terrariumdiy.com/sbobet/,internal
869,222,0,http://huc369.com,external
868,222,0,http://huc369.com,external
884,225,0,http://huc369.com,external
883,225,0,http://huc369.com,external
882,225,0,http://huc369.com,external
890,229,0,http://huc369.com,external
889,229,0,http://huc369.com,external
902,233,75,http://terrariumdiy.com/huc99-สุดยอดเว็บคาสิโนออนไล/,internal
901,233,75,http://terrariumdiy.com/huc99-สุดยอดเว็บคาสิโนออนไล/,internal
900,233,75,http://terrariumdiy.com/huc99-สุดยอดเว็บคาสิโนออนไล/,internal
903,235,79,http://terrariumdiy.com/w88-คาสิโนออนไลน์รีวิว-และ-2/,internal
904,235,79,http://terrariumdiy.com/w88-คาสิโนออนไลน์รีวิว-และ-2/,internal
908,237,86,http://terrariumdiy.com/entaplay-คาสิโนออนไลน์-สมัครสมา/,internal
907,237,86,http://terrariumdiy.com/entaplay-คาสิโนออนไลน์-สมัครสมา/,internal
909,239,171,http://terrariumdiy.com/dafabet/,internal
910,239,171,http://terrariumdiy.com/dafabet/,internal
912,241,73,http://terrariumdiy.com/รีวิว-nowbet-คาสิโนออนไลน์-สมั/,internal
918,246,71,http://terrariumdiy.com/สมัคร-letou-เว็บใหญ่-สปอนเซอร/,internal
917,246,71,http://terrariumdiy.com/สมัคร-letou-เว็บใหญ่-สปอนเซอร/,internal
919,248,91,http://terrariumdiy.com/live-casino-house-ฟรี-300-บาท-สมัครผ่านเรา-ร/,internal
920,248,91,http://terrariumdiy.com/live-casino-house-ฟรี-300-บาท-สมัครผ่านเรา-ร/,internal
921,248,91,http://terrariumdiy.com/live-casino-house-ฟรี-300-บาท-สมัครผ่านเรา-ร/,internal
927,250,102,http://terrariumdiy.com/รีวิว-happyluke-คาสิโน-แจกเงินฟร/,internal
926,250,102,http://terrariumdiy.com/รีวิว-happyluke-คาสิโน-แจกเงินฟร/,internal
933,252,75,http://terrariumdiy.com/huc99-สุดยอดเว็บคาสิโนออนไล/,internal
932,252,75,http://terrariumdiy.com/huc99-สุดยอดเว็บคาสิโนออนไล/,internal
931,252,75,http://terrariumdiy.com/huc99-สุดยอดเว็บคาสิโนออนไล/,internal
947,262,104,http://terrariumdiy.com/empire777-คาสิโนออนไลน์ชื่อดัง-ส/,internal
946,262,104,http://terrariumdiy.com/empire777-คาสิโนออนไลน์ชื่อดัง-ส/,internal
945,262,104,http://terrariumdiy.com/empire777-คาสิโนออนไลน์ชื่อดัง-ส/,internal
951,264,168,http://terrariumdiy.com/dewabet-สมัครสมาชิกใหม่-รับฟรี/,internal
952,264,168,http://terrariumdiy.com/dewabet-สมัครสมาชิกใหม่-รับฟรี/,internal
953,264,168,http://terrariumdiy.com/dewabet-สมัครสมาชิกใหม่-รับฟรี/,internal
1964,75,0,http://huc369.com,external
959,269,91,http://terrariumdiy.com/live-casino-house-ฟรี-300-บาท-สมัครผ่านเรา-ร/,internal
966,271,102,http://terrariumdiy.com/รีวิว-happyluke-คาสิโน-แจกเงินฟร/,internal
967,271,102,http://terrariumdiy.com/รีวิว-happyluke-คาสิโน-แจกเงินฟร/,internal
968,271,102,http://terrariumdiy.com/รีวิว-happyluke-คาสิโน-แจกเงินฟร/,internal
974,274,128,http://terrariumdiy.com/โบนัสต้อนรับ-welcome-bonus/,internal
973,274,128,http://terrariumdiy.com/โบนัสต้อนรับ-welcome-bonus/,internal
972,274,128,http://terrariumdiy.com/โบนัสต้อนรับ-welcome-bonus/,internal
980,276,86,http://terrariumdiy.com/entaplay-คาสิโนออนไลน์-สมัครสมา/,internal
979,276,86,http://terrariumdiy.com/entaplay-คาสิโนออนไลน์-สมัครสมา/,internal
978,276,86,http://terrariumdiy.com/entaplay-คาสิโนออนไลน์-สมัครสมา/,internal
1167,303,79,http://terrariumdiy.com/w88-คาสิโนออนไลน์รีวิว-และ-2/,internal
2297,8,531,http://terrariumdiy.com/โบนัสต้อนรับ-250-live-casino-house/,internal
2294,8,543,http://terrariumdiy.com/happyluke-ทางเข้าคาสิโนล่าสุด-สม/,internal
2290,8,507,http://terrariumdiy.com/รีวิวคาสิโนm88-ข้อดีข้อเส/,internal
2291,8,476,http://terrariumdiy.com/1xbet-คาสิโนออนไลน์/,internal
1041,283,102,http://terrariumdiy.com/รีวิว-happyluke-คาสิโน-แจกเงินฟร/,internal
1040,283,102,http://terrariumdiy.com/รีวิว-happyluke-คาสิโน-แจกเงินฟร/,internal
1039,283,102,http://terrariumdiy.com/รีวิว-happyluke-คาสิโน-แจกเงินฟร/,internal
1047,286,79,http://terrariumdiy.com/w88-คาสิโนออนไลน์รีวิว-และ-2/,internal
1046,286,79,http://terrariumdiy.com/w88-คาสิโนออนไลน์รีวิว-และ-2/,internal
1053,289,86,http://terrariumdiy.com/entaplay-คาสิโนออนไลน์-สมัครสมา/,internal
1052,289,86,http://terrariumdiy.com/entaplay-คาสิโนออนไลน์-สมัครสมา/,internal
1051,289,86,http://terrariumdiy.com/entaplay-คาสิโนออนไลน์-สมัครสมา/,internal
1062,291,79,http://terrariumdiy.com/w88-คาสิโนออนไลน์รีวิว-และ-2/,internal
1061,291,79,http://terrariumdiy.com/w88-คาสิโนออนไลน์รีวิว-และ-2/,internal
1060,291,79,http://terrariumdiy.com/w88-คาสิโนออนไลน์รีวิว-และ-2/,internal
1068,294,104,http://terrariumdiy.com/empire777-คาสิโนออนไลน์ชื่อดัง-ส/,internal
1067,294,104,http://terrariumdiy.com/empire777-คาสิโนออนไลน์ชื่อดัง-ส/,internal
1066,294,104,http://terrariumdiy.com/empire777-คาสิโนออนไลน์ชื่อดัง-ส/,internal
1107,297,162,http://terrariumdiy.com/fun88-เว็บพนันโปรดี-ที่สุด-เค/,internal
1108,297,104,http://terrariumdiy.com/empire777-คาสิโนออนไลน์ชื่อดัง-ส/,internal
1106,297,91,http://terrariumdiy.com/live-casino-house-ฟรี-300-บาท-สมัครผ่านเรา-ร/,internal
1105,297,102,http://terrariumdiy.com/รีวิว-happyluke-คาสิโน-แจกเงินฟร/,internal
1104,297,0,http://terrariumdiy.com/category/เครดิตฟรี/,internal
1103,297,0,http://terrariumdiy.com/category/สล็อตออนไลน์/,internal
1102,297,135,http://terrariumdiy.com/โบนัสเครดิตฟรีไม่ต้องฝ/,internal
1100,297,128,http://terrariumdiy.com/โบนัสต้อนรับ-welcome-bonus/,internal
1101,297,121,http://terrariumdiy.com/โบนัสเติมเงิน-reload-bonus/,internal
1099,297,140,http://terrariumdiy.com/รีวิวคาสิโนออนไลน์/,internal
1111,300,91,http://terrariumdiy.com/live-casino-house-ฟรี-300-บาท-สมัครผ่านเรา-ร/,internal
1112,300,91,http://terrariumdiy.com/live-casino-house-ฟรี-300-บาท-สมัครผ่านเรา-ร/,internal
1166,303,79,http://terrariumdiy.com/w88-คาสิโนออนไลน์รีวิว-และ-2/,internal
1170,305,79,http://terrariumdiy.com/w88-คาสิโนออนไลน์รีวิว-และ-2/,internal
1171,305,79,http://terrariumdiy.com/w88-คาสิโนออนไลน์รีวิว-และ-2/,internal
1183,307,162,http://terrariumdiy.com/fun88-เว็บพนันโปรดี-ที่สุด-เค/,internal
1182,307,162,http://terrariumdiy.com/fun88-เว็บพนันโปรดี-ที่สุด-เค/,internal
1181,307,162,http://terrariumdiy.com/fun88-เว็บพนันโปรดี-ที่สุด-เค/,internal
1195,310,86,http://terrariumdiy.com/entaplay-คาสิโนออนไลน์-สมัครสมา/,internal
1194,310,86,http://terrariumdiy.com/entaplay-คาสิโนออนไลน์-สมัครสมา/,internal
1193,310,86,http://terrariumdiy.com/entaplay-คาสิโนออนไลน์-สมัครสมา/,internal
1311,318,79,http://terrariumdiy.com/w88-คาสิโนออนไลน์รีวิว-และ-2/,internal
1310,318,79,http://terrariumdiy.com/w88-คาสิโนออนไลน์รีวิว-และ-2/,internal
1309,318,79,http://terrariumdiy.com/w88-คาสิโนออนไลน์รีวิว-และ-2/,internal
1367,323,102,http://terrariumdiy.com/รีวิว-happyluke-คาสิโน-แจกเงินฟร/,internal
1368,323,102,http://terrariumdiy.com/รีวิว-happyluke-คาสิโน-แจกเงินฟร/,internal
1369,323,102,http://terrariumdiy.com/รีวิว-happyluke-คาสิโน-แจกเงินฟร/,internal
1370,325,102,http://terrariumdiy.com/รีวิว-happyluke-คาสิโน-แจกเงินฟร/,internal
1371,325,102,http://terrariumdiy.com/รีวิว-happyluke-คาสิโน-แจกเงินฟร/,internal
1373,327,162,http://terrariumdiy.com/fun88-เว็บพนันโปรดี-ที่สุด-เค/,internal
2331,557,79,http://terrariumdiy.com/w88-คาสิโนออนไลน์รีวิว-และ-2/,internal
1979,86,86,http://terrariumdiy.com/entaplay-คาสิโนออนไลน์-สมัครสมา/,internal
1651,378,168,http://terrariumdiy.com/dewabet-สมัครสมาชิกใหม่-รับฟรี/,internal
1986,91,0,http://terrariumdiy.com/live-casino-hous…ท-สมัครผ่านเรา-ร/,internal
1984,91,0,http://terrariumdiy.com/live-casino-hous…ท-สมัครผ่านเรา-ร/,internal
1985,91,0,http://terrariumdiy.com/live-casino-hous…ท-สมัครผ่านเรา-ร/,internal
2292,8,0,https://www.thaipokerleak.net/review/happyluke,external
2289,8,460,http://terrariumdiy.com/dafabet-เครดิตฟรี-300-บาท-เล่นคาสิ/,internal
2288,8,0,http://terrariumdiy.com/happyluke-ฟรีเครดิต-300/,internal
2287,8,162,http://terrariumdiy.com/fun88-เว็บพนันโปรดี-ที่สุด-เค/,internal
2284,8,75,http://terrariumdiy.com/huc99-สุดยอดเว็บคาสิโนออนไล/,internal
1596,135,0,http://huc369.com,external
1601,367,86,http://terrariumdiy.com/entaplay-คาสิโนออนไลน์-สมัครสมา/,internal
2119,79,0,http://w88.terrariumdiy.com/,external
2120,79,79,http://terrariumdiy.com/w88-คาสิโนออนไลน์รีวิว-และ-2/,internal
1981,86,0,http://huc369.com,external
1977,86,86,http://terrariumdiy.com/entaplay-คาสิโนออนไลน์-สมัครสมา/,internal
1978,86,86,http://terrariumdiy.com/entaplay-คาสิโนออนไลน์-สมัครสมา/,internal
1976,86,86,http://terrariumdiy.com/entaplay-คาสิโนออนไลน์-สมัครสมา/,internal
1652,378,168,http://terrariumdiy.com/dewabet-สมัครสมาชิกใหม่-รับฟรี/,internal
1721,390,73,http://terrariumdiy.com/รีวิว-nowbet-คาสิโนออนไลน์-สมั/,internal
1720,390,73,http://terrariumdiy.com/รีวิว-nowbet-คาสิโนออนไลน์-สมั/,internal
1719,390,73,http://terrariumdiy.com/รีวิว-nowbet-คาสิโนออนไลน์-สมั/,internal
1943,404,0,<blank>,internal
1944,404,86,http://terrariumdiy.com/entaplay-คาสิโนออนไลน์-สมัครสมา/,internal
1945,404,91,http://terrariumdiy.com/live-casino-house-ฟรี-300-บาท-สมัครผ่านเรา-ร/,internal
1941,404,0,<blank>,internal
1942,404,162,http://terrariumdiy.com/fun88-เว็บพนันโปรดี-ที่สุด-เค/,internal
1939,404,75,http://terrariumdiy.com/huc99-สุดยอดเว็บคาสิโนออนไล/,internal
1940,404,79,http://terrariumdiy.com/w88-คาสิโนออนไลน์รีวิว-และ-2/,internal
1951,413,8,http://terrariumdiy.com/,internal
1950,413,8,http://terrariumdiy.com/,internal
1957,415,0,http://terrariumdiy.com/category/ข่าวฟุตบอล/,internal
1956,415,0,http://terrariumdiy.com/category/ข่าวฟุตบอล/,internal
1962,104,0,http://huc369.com,external
1963,104,0,http://huc369.com,external
1970,420,0,http://huc369.com/,external
2000,422,0,https://en.wikipedia.org/wiki/Newton's_law_of_universal_gravitation,external
1983,86,86,http://terrariumdiy.com/entaplay-คาสิโนออนไลน์-สมัครสมา/,internal
1991,91,0,http://terrariumdiy.com/live-casino-hous…ท-สมัครผ่านเรา-ร/,internal
1999,441,86,http://terrariumdiy.com/entaplay-คาสิโนออนไลน์-สมัครสมา/,internal
1998,441,86,http://terrariumdiy.com/entaplay-คาสิโนออนไลน์-สมัครสมา/,internal
1997,441,86,http://terrariumdiy.com/entaplay-คาสิโนออนไลน์-สมัครสมา/,internal
2016,447,447,http://terrariumdiy.com/กลยุทธ์รูเล็ตเริ่มต้น-jombet/,internal
2017,447,0,http://huc369.com,external
2018,447,447,http://terrariumdiy.com/กลยุทธ์รูเล็ตเริ่มต้น-jombet/,internal
2019,447,0,https://warpsoccer.com/,external
2020,452,452,http://terrariumdiy.com/โอลิวิเย่ร์-ชิรูด์-แค่โ/,internal
2021,452,452,http://terrariumdiy.com/โอลิวิเย่ร์-ชิรูด์-แค่โ/,internal
2025,455,91,http://terrariumdiy.com/live-casino-house-ฟรี-300-บาท-สมัครผ่านเรา-ร/,internal
2024,455,91,http://terrariumdiy.com/live-casino-house-ฟรี-300-บาท-สมัครผ่านเรา-ร/,internal
2031,458,86,http://terrariumdiy.com/entaplay-คาสิโนออนไลน์-สมัครสมา/,internal
2030,458,86,http://terrariumdiy.com/entaplay-คาสิโนออนไลน์-สมัครสมา/,internal
2029,458,86,http://terrariumdiy.com/entaplay-คาสิโนออนไลน์-สมัครสมา/,internal
2330,557,79,http://terrariumdiy.com/w88-คาสิโนออนไลน์รีวิว-และ-2/,internal
2124,460,0,https://m.ceedendai.com/th?btag=670773,external
2123,460,0,https://m.ceedendai.com/th?btag=670773,external
2286,8,531,http://terrariumdiy.com/โบนัสต้อนรับ-250-live-casino-house/,internal
2285,8,79,http://terrariumdiy.com/w88-คาสิโนออนไลน์รีวิว-และ-2/,internal

